{
  "msPKI-Enrollment-Flag": 524329,
  "flags": 131642,
  "msPKI-Certificate-Name-Flag": -1509949440,
  "pKIExtendedKeyUsage": [
    "1.3.6.1.5.5.7.3.2",
    "1.3.6.1.5.5.7.3.4",
    "1.3.6.1.4.1.311.10.3.4"
  ],
  "pKIOverlapPeriod": [
    0,
    128,
    166,
    10,
    255,
    222,
    255,
    255
  ],
  "pKIDefaultCSPs": [
    "2,Microsoft Base Cryptographic Provider v1.0",
    "1,Microsoft Enhanced Cryptographic Provider v1.0"
  ],
  "pKIDefaultKeySpec": 1,
  "revision": 100,
  "msPKI-Private-Key-Flag": 16842768,
  "pKICriticalExtensions": "2.5.29.15",
  "pKIMaxIssuingDepth": 0,
  "msPKI-Certificate-Application-Policy": [
    "1.3.6.1.5.5.7.3.2",
    "1.3.6.1.5.5.7.3.4",
    "1.3.6.1.4.1.311.10.3.4"
  ],
  "msPKI-Template-Minor-Revision": 2,
  "msPKI-Minimal-Key-Size": 2048,
  "displayName": "ESC9",
  "pKIExpirationPeriod": [
    0,
    64,
    57,
    135,
    46,
    225,
    254,
    255
  ],
  "msPKI-Template-Schema-Version": 2,
  "msPKI-RA-Signature": 0,
  "pKIKeyUsage": [
    160,
    0
  ],
  "msPKI-Cert-Template-OID": "1.3.6.1.4.1.311.21.8.4872519.969661.15616387.15184524.2635045.52.4630692.7891476"
}
